fold,train_rows,val_rows,mae,rmse,iterations
1,852,238,2812.3553566713776,4773.840828844896,161
2,1026,244,2008.1463202704292,3254.324121734526,75
3,1182,243,3187.3039290710303,9478.731830126902,36
