{
  "MAE": 798.096994,
  "RMSE": 1212.03694,
  "MAPE": 51.592499,
  "SMAPE": 78.455158
}