{
  "MAE": 1104.418903,
  "RMSE": 1617.395268,
  "MAPE": 58.148255,
  "SMAPE": 75.843631
}