{
  "MAE": 745.78521,
  "RMSE": 1149.513753,
  "MAPE": 53.470552,
  "SMAPE": 78.233321
}