{
  "labels": [
    "no_alarm",
    "low_risk",
    "mid_risk",
    "high_risk"
  ],
  "Accuracy": 0.753894,
  "Macro Precision": 0.534344,
  "Macro Recall": 0.576031,
  "Macro F1": 0.540712,
  "Weighted F1": 0.775611,
  "Confusion Matrix": [
    [
      218,
      19,
      21,
      10
    ],
    [
      8,
      10,
      4,
      11
    ],
    [
      8,
      4,
      11,
      4
    ],
    [
      31,
      9,
      29,
      245
    ]
  ]
}