{
  "labels": [
    "no_alarm",
    "low_risk",
    "mid_risk",
    "high_risk"
  ],
  "Accuracy": 0.76947,
  "Macro Precision": 0.541135,
  "Macro Recall": 0.583173,
  "Macro F1": 0.547619,
  "Weighted F1": 0.792851,
  "Confusion Matrix": [
    [
      212,
      22,
      25,
      9
    ],
    [
      5,
      10,
      2,
      16
    ],
    [
      5,
      5,
      11,
      6
    ],
    [
      18,
      10,
      25,
      261
    ]
  ]
}