{
  "Accuracy": 0.811989,
  "Precision": 0.828358,
  "Recall": 0.828358,
  "F1-score": 0.828358,
  "Confusion Matrix": [
    [
      263,
      69
    ],
    [
      69,
      333
    ]
  ]
}