{
  "labels": [
    "no_alarm",
    "low_risk",
    "mid_risk",
    "high_risk"
  ],
  "Accuracy": 0.717984,
  "Macro Precision": 0.500827,
  "Macro Recall": 0.511565,
  "Macro F1": 0.500989,
  "Weighted F1": 0.736276,
  "Confusion Matrix": [
    [
      263,
      35,
      24,
      10
    ],
    [
      19,
      13,
      2,
      15
    ],
    [
      13,
      9,
      8,
      6
    ],
    [
      37,
      18,
      19,
      243
    ]
  ]
}