{
  "MAE": 1012.243722,
  "RMSE": 1663.458547,
  "MAPE": 54.773166,
  "SMAPE": 75.108662
}