{
  "Accuracy": 0.814714,
  "Precision": 0.842784,
  "Recall": 0.813433,
  "F1-score": 0.827848,
  "Confusion Matrix": [
    [
      271,
      61
    ],
    [
      75,
      327
    ]
  ]
}