{
  "labels": [
    "no_alarm",
    "low_risk",
    "mid_risk",
    "high_risk"
  ],
  "Accuracy": 0.719346,
  "Macro Precision": 0.496973,
  "Macro Recall": 0.496072,
  "Macro F1": 0.487166,
  "Weighted F1": 0.740659,
  "Confusion Matrix": [
    [
      271,
      46,
      8,
      7
    ],
    [
      19,
      15,
      10,
      5
    ],
    [
      17,
      11,
      4,
      4
    ],
    [
      39,
      28,
      12,
      238
    ]
  ]
}