{
  "Accuracy": 0.869159,
  "Precision": 0.860697,
  "Recall": 0.925134,
  "F1-score": 0.891753,
  "Confusion Matrix": [
    [
      212,
      56
    ],
    [
      28,
      346
    ]
  ]
}