{
  "val_mae": 1405.774169921875,
  "val_rmse": 2552.67431640625,
  "val_medae": 811.75048828125,
  "val_smape": 90.06749987602234,
  "val_per_user_nmae": 123.73510038373492,
  "test_mae": 1037.2020263671875,
  "test_rmse": 1478.1279296875,
  "test_medae": 674.3700561523438,
  "test_smape": 76.72812938690186,
  "test_per_user_nmae": 185.04325478373843,
  "bias_correction": 0.0,
  "best_combo": [
    9999,
    33
  ],
  "comparison": {
    "no_pretrain_test_mae": 836.293152,
    "naive_tl_test_mae": 851.477722,
    "aligned_test_mae": 1037.2020263671875
  }
}