{
  "val_mae": 1427.7293701171875,
  "val_rmse": 2638.53076171875,
  "val_medae": 788.55224609375,
  "val_smape": 89.86725807189941,
  "val_per_user_nmae": 103.5281627606157,
  "test_mae": 1032.967529296875,
  "test_rmse": 1518.5946044921875,
  "test_medae": 662.2720947265625,
  "test_smape": 76.26113891601562,
  "test_per_user_nmae": 190.85237422898308,
  "bias_correction": 0.0,
  "best_combo": [
    314,
    22,
    77,
    789
  ],
  "comparison": {
    "no_pretrain_test_mae": 836.293152,
    "naive_tl_test_mae": 851.477722,
    "aligned_test_mae": 1032.967529296875
  }
}