{
  "model": "GRU Aligned (10 features, all seeds)",
  "seeds_used": [
    42,
    123,
    456,
    777,
    789,
    999,
    2024
  ],
  "alert_threshold_ratio": 1.5,
  "cost_fn": 3.0,
  "cost_fp": 1.0,
  "layer1_regression": {
    "mae": 790.0,
    "rmse": 1164.24,
    "smape": 79.03
  },
  "layer2_decision_global": {
    "TP": 45,
    "TN": 415,
    "FP": 82,
    "FN": 100,
    "precision": 0.3543,
    "recall": 0.3103,
    "f1": 0.3309,
    "fnr": 0.6897,
    "fpr": 0.165,
    "expected_cost": 0.595
  },
  "layer3_per_user_summary": {
    "mae_mean": 771.77,
    "mae_max": 1426.48,
    "mae_std": 331.6,
    "f1_mean": 0.2155,
    "f1_min": 0.0,
    "fnr_mean": 0.7512,
    "fnr_max": 1.0,
    "cost_mean": 0.5686,
    "cost_max": 0.9722,
    "worst_mae_user": "user13",
    "worst_fnr_user": "user1"
  },
  "per_user_detail": {
    "user1": {
      "n_samples": 15,
      "alert_ratio": 0.06666666666666667,
      "mae": 538.95,
      "nmae": 0.2410999983549118,
      "TP": 0,
      "TN": 14,
      "FP": 0,
      "FN": 1,
      "precision": 0.0,
      "recall": 0.0,
      "f1": 0.0,
      "fnr": 1.0,
      "fpr": 0.0,
      "expected_cost": 0.2
    },
    "user10": {
      "n_samples": 62,
      "alert_ratio": 0.1935483870967742,
      "mae": 539.53,
      "nmae": 0.33649998903274536,
      "TP": 4,
      "TN": 47,
      "FP": 3,
      "FN": 8,
      "precision": 0.5714,
      "recall": 0.3333,
      "f1": 0.4211,
      "fnr": 0.6667,
      "fpr": 0.06,
      "expected_cost": 0.4355
    },
    "user11": {
      "n_samples": 49,
      "alert_ratio": 0.24489795918367346,
      "mae": 533.37,
      "nmae": 0.27970001101493835,
      "TP": 1,
      "TN": 36,
      "FP": 1,
      "FN": 11,
      "precision": 0.5,
      "recall": 0.0833,
      "f1": 0.1429,
      "fnr": 0.9167,
      "fpr": 0.027,
      "expected_cost": 0.6939
    },
    "user12": {
      "n_samples": 49,
      "alert_ratio": 0.20408163265306123,
      "mae": 420.84,
      "nmae": 0.22699999809265137,
      "TP": 0,
      "TN": 39,
      "FP": 0,
      "FN": 10,
      "precision": 0.0,
      "recall": 0.0,
      "f1": 0.0,
      "fnr": 1.0,
      "fpr": 0.0,
      "expected_cost": 0.6122
    },
    "user13": {
      "n_samples": 75,
      "alert_ratio": 0.21333333333333335,
      "mae": 1426.48,
      "nmae": 0.6560999751091003,
      "TP": 1,
      "TN": 59,
      "FP": 0,
      "FN": 15,
      "precision": 1.0,
      "recall": 0.0625,
      "f1": 0.1176,
      "fnr": 0.9375,
      "fpr": 0.0,
      "expected_cost": 0.6
    },
    "user15": {
      "n_samples": 66,
      "alert_ratio": 0.09090909090909091,
      "mae": 631.41,
      "nmae": 0.2685000002384186,
      "TP": 0,
      "TN": 60,
      "FP": 0,
      "FN": 6,
      "precision": 0.0,
      "recall": 0.0,
      "f1": 0.0,
      "fnr": 1.0,
      "fpr": 0.0,
      "expected_cost": 0.2727
    },
    "user16": {
      "n_samples": 53,
      "alert_ratio": 0.37735849056603776,
      "mae": 1010.83,
      "nmae": 1.114400029182434,
      "TP": 7,
      "TN": 26,
      "FP": 7,
      "FN": 13,
      "precision": 0.5,
      "recall": 0.35,
      "f1": 0.4118,
      "fnr": 0.65,
      "fpr": 0.2121,
      "expected_cost": 0.8679
    },
    "user2": {
      "n_samples": 50,
      "alert_ratio": 0.22,
      "mae": 738.23,
      "nmae": 0.36410000920295715,
      "TP": 0,
      "TN": 39,
      "FP": 0,
      "FN": 11,
      "precision": 0.0,
      "recall": 0.0,
      "f1": 0.0,
      "fnr": 1.0,
      "fpr": 0.0,
      "expected_cost": 0.66
    },
    "user3": {
      "n_samples": 50,
      "alert_ratio": 0.08,
      "mae": 720.49,
      "nmae": 0.5680999755859375,
      "TP": 0,
      "TN": 46,
      "FP": 0,
      "FN": 4,
      "precision": 0.0,
      "recall": 0.0,
      "f1": 0.0,
      "fnr": 1.0,
      "fpr": 0.0,
      "expected_cost": 0.24
    },
    "user7": {
      "n_samples": 51,
      "alert_ratio": 0.5490196078431373,
      "mae": 1127.45,
      "nmae": 0.6780999898910522,
      "TP": 19,
      "TN": 22,
      "FP": 1,
      "FN": 9,
      "precision": 0.95,
      "recall": 0.6786,
      "f1": 0.7917,
      "fnr": 0.3214,
      "fpr": 0.0435,
      "expected_cost": 0.549
    },
    "user8": {
      "n_samples": 50,
      "alert_ratio": 0.46,
      "mae": 1231.34,
      "nmae": 0.6068999767303467,
      "TP": 11,
      "TN": 27,
      "FP": 0,
      "FN": 12,
      "precision": 1.0,
      "recall": 0.4783,
      "f1": 0.6471,
      "fnr": 0.5217,
      "fpr": 0.0,
      "expected_cost": 0.72
    },
    "user9": {
      "n_samples": 72,
      "alert_ratio": 0.027777777777777776,
      "mae": 342.36,
      "nmae": 12.851900100708008,
      "TP": 2,
      "TN": 0,
      "FP": 70,
      "FN": 0,
      "precision": 0.0278,
      "recall": 1.0,
      "f1": 0.0541,
      "fnr": 0.0,
      "fpr": 1.0,
      "expected_cost": 0.9722
    }
  }
}