{
  "val_mae": 849.8558959960938,
  "val_rmse": 1216.17626953125,
  "val_smape": 87.78753662109375,
  "test_mae": 786.1998901367188,
  "test_rmse": 1165.2239990234375,
  "test_smape": 79.86681365966797,
  "test_per_user_nmae": 1.4390171766281128,
  "n_seeds": 7,
  "naive_7d_mae": 989.76,
  "moving_avg_30d_mae": 926.37
}