seed,MAE,RMSE,Binary_F1,Weighted_F1
42,1426.051646,2155.430261,0.8325,0.74732
123,1296.78324,1931.023812,0.844388,0.755783
456,1344.929674,2037.988044,0.833121,0.745858
777,1284.795698,1881.158499,0.841975,0.753647
789,1399.01903,2007.912372,0.84131,0.73847
999,1332.615235,1940.875495,0.851897,0.758665
2024,1385.700615,2020.821685,0.848851,0.761118
