{
  "0.0": {
    "best_combo": [
      777
    ],
    "val_mae": 815.349365234375,
    "val_medae": 535.9296875,
    "val_rmse": 1179.3314208984375,
    "test_mae": 784.915283203125,
    "test_medae": 496.5714111328125,
    "test_rmse": 1167.099609375
  },
  "0.05": {
    "best_combo": [
      123
    ],
    "val_mae": 826.4962768554688,
    "val_medae": 513.912109375,
    "val_rmse": 1241.07421875,
    "test_mae": 813.1271362304688,
    "test_medae": 508.6583251953125,
    "test_rmse": 1229.970458984375
  },
  "0.1": {
    "best_combo": [
      42,
      777
    ],
    "val_mae": 830.8970336914062,
    "val_medae": 551.293701171875,
    "val_rmse": 1236.7508544921875,
    "test_mae": 830.2724609375,
    "test_medae": 529.1451416015625,
    "test_rmse": 1227.423095703125
  },
  "0.2": {
    "best_combo": [
      123
    ],
    "val_mae": 834.3047485351562,
    "val_medae": 545.15576171875,
    "val_rmse": 1263.29931640625,
    "test_mae": 850.1493530273438,
    "test_medae": 547.2455444335938,
    "test_rmse": 1261.887939453125
  },
  "0.5": {
    "best_combo": [
      123
    ],
    "val_mae": 838.48779296875,
    "val_medae": 545.8544921875,
    "val_rmse": 1250.052734375,
    "test_mae": 855.0794677734375,
    "test_medae": 545.6107788085938,
    "test_rmse": 1252.25341796875
  }
}