{
  "mae": 7154.884497150948,
  "rmse": 17312.995875391065
}