{
  "val_mae": 831.1685180664062,
  "val_rmse": 1212.7589111328125,
  "val_smape": 90.10957336425781,
  "val_per_user_nmae": 97.13318634033203,
  "test_mae": 807.1565551757812,
  "test_rmse": 1174.6722412109375,
  "test_smape": 79.61939239501953,
  "test_per_user_nmae": 199.43069458007812,
  "bias_correction": 0.0,
  "best_combo": [
    777,
    999
  ],
  "comparison": {
    "no_pretrain_test_mae": 836.293152,
    "naive_tl_test_mae": 851.477722,
    "aligned_test_mae": 807.1565551757812
  }
}