{
  "alert_threshold_ratio": 1.5,
  "cost_false_negative": 3.0,
  "cost_false_positive": 1.0,
  "best_combo": [
    789
  ],
  "layer1_regression": {
    "mae": 750.62,
    "rmse": 1172.16,
    "smape": 81.17
  },
  "layer2_decision_global": {
    "TP": 35,
    "TN": 415,
    "FP": 82,
    "FN": 110,
    "precision": 0.2991,
    "recall": 0.2414,
    "f1": 0.2672,
    "fnr": 0.7586,
    "fpr": 0.165,
    "expected_cost": 0.6417
  },
  "layer3_per_user_summary": {
    "mae_mean": 740.6,
    "mae_max": 1364.04,
    "mae_std": 351.89,
    "f1_mean": 0.1743,
    "f1_min": 0.0,
    "fnr_mean": 0.7896,
    "fnr_max": 1.0,
    "cost_mean": 0.6176,
    "cost_max": 0.9722,
    "worst_mae_user": "user13",
    "worst_fnr_user": "user1"
  },
  "per_user_detail": {
    "user1": {
      "n_samples": 15,
      "alert_ratio": 0.06666666666666667,
      "mae": 543.67,
      "nmae": 0.24320000410079956,
      "TP": 0,
      "TN": 14,
      "FP": 0,
      "FN": 1,
      "precision": 0.0,
      "recall": 0.0,
      "f1": 0.0,
      "fnr": 1.0,
      "fpr": 0.0,
      "expected_cost": 0.2
    },
    "user10": {
      "n_samples": 62,
      "alert_ratio": 0.1935483870967742,
      "mae": 516.21,
      "nmae": 0.32190001010894775,
      "TP": 3,
      "TN": 48,
      "FP": 2,
      "FN": 9,
      "precision": 0.6,
      "recall": 0.25,
      "f1": 0.3529,
      "fnr": 0.75,
      "fpr": 0.04,
      "expected_cost": 0.4677
    },
    "user11": {
      "n_samples": 49,
      "alert_ratio": 0.24489795918367346,
      "mae": 545.97,
      "nmae": 0.28630000352859497,
      "TP": 0,
      "TN": 37,
      "FP": 0,
      "FN": 12,
      "precision": 0.0,
      "recall": 0.0,
      "f1": 0.0,
      "fnr": 1.0,
      "fpr": 0.0,
      "expected_cost": 0.7347
    },
    "user12": {
      "n_samples": 49,
      "alert_ratio": 0.20408163265306123,
      "mae": 431.93,
      "nmae": 0.2329999953508377,
      "TP": 0,
      "TN": 39,
      "FP": 0,
      "FN": 10,
      "precision": 0.0,
      "recall": 0.0,
      "f1": 0.0,
      "fnr": 1.0,
      "fpr": 0.0,
      "expected_cost": 0.6122
    },
    "user13": {
      "n_samples": 75,
      "alert_ratio": 0.21333333333333335,
      "mae": 1364.04,
      "nmae": 0.6273999810218811,
      "TP": 1,
      "TN": 59,
      "FP": 0,
      "FN": 15,
      "precision": 1.0,
      "recall": 0.0625,
      "f1": 0.1176,
      "fnr": 0.9375,
      "fpr": 0.0,
      "expected_cost": 0.6
    },
    "user15": {
      "n_samples": 66,
      "alert_ratio": 0.09090909090909091,
      "mae": 630.35,
      "nmae": 0.26809999346733093,
      "TP": 0,
      "TN": 60,
      "FP": 0,
      "FN": 6,
      "precision": 0.0,
      "recall": 0.0,
      "f1": 0.0,
      "fnr": 1.0,
      "fpr": 0.0,
      "expected_cost": 0.2727
    },
    "user16": {
      "n_samples": 53,
      "alert_ratio": 0.37735849056603776,
      "mae": 962.54,
      "nmae": 1.0612000226974487,
      "TP": 8,
      "TN": 24,
      "FP": 9,
      "FN": 12,
      "precision": 0.4706,
      "recall": 0.4,
      "f1": 0.4324,
      "fnr": 0.6,
      "fpr": 0.2727,
      "expected_cost": 0.8491
    },
    "user2": {
      "n_samples": 50,
      "alert_ratio": 0.22,
      "mae": 757.94,
      "nmae": 0.37389999628067017,
      "TP": 0,
      "TN": 39,
      "FP": 0,
      "FN": 11,
      "precision": 0.0,
      "recall": 0.0,
      "f1": 0.0,
      "fnr": 1.0,
      "fpr": 0.0,
      "expected_cost": 0.66
    },
    "user3": {
      "n_samples": 50,
      "alert_ratio": 0.08,
      "mae": 607.15,
      "nmae": 0.47870001196861267,
      "TP": 0,
      "TN": 46,
      "FP": 0,
      "FN": 4,
      "precision": 0.0,
      "recall": 0.0,
      "f1": 0.0,
      "fnr": 1.0,
      "fpr": 0.0,
      "expected_cost": 0.24
    },
    "user7": {
      "n_samples": 51,
      "alert_ratio": 0.5490196078431373,
      "mae": 1052.81,
      "nmae": 0.6331999897956848,
      "TP": 13,
      "TN": 22,
      "FP": 1,
      "FN": 15,
      "precision": 0.9286,
      "recall": 0.4643,
      "f1": 0.619,
      "fnr": 0.5357,
      "fpr": 0.0435,
      "expected_cost": 0.902
    },
    "user8": {
      "n_samples": 50,
      "alert_ratio": 0.46,
      "mae": 1328.0,
      "nmae": 0.6546000242233276,
      "TP": 8,
      "TN": 27,
      "FP": 0,
      "FN": 15,
      "precision": 1.0,
      "recall": 0.3478,
      "f1": 0.5161,
      "fnr": 0.6522,
      "fpr": 0.0,
      "expected_cost": 0.9
    },
    "user9": {
      "n_samples": 72,
      "alert_ratio": 0.027777777777777776,
      "mae": 146.56,
      "nmae": 5.501699924468994,
      "TP": 2,
      "TN": 0,
      "FP": 70,
      "FN": 0,
      "precision": 0.0278,
      "recall": 1.0,
      "f1": 0.0541,
      "fnr": 0.0,
      "fpr": 1.0,
      "expected_cost": 0.9722
    }
  }
}