{
  "model_name": "gru_nopretrain_ensemble_bias",
  "version": "nopretrain",
  "pretrained": false,
  "ensemble_seeds": [
    42,
    123,
    777
  ],
  "val_mae": 720.027283,
  "val_rmse": 1154.28125,
  "val_smape": 77.5909,
  "val_per_user_nmae": 69.3711,
  "test_mae": 836.293152,
  "test_rmse": 1288.632446,
  "test_smape": 69.7411,
  "test_per_user_nmae": 58.1645,
  "test_mae_before_bias_correction": 830.572693,
  "naive_7d_mae": 989.764615,
  "naive_7d_rmse": 1649.280634,
  "moving_avg_30d_mae": 926.367527,
  "moving_avg_30d_rmse": 1425.732313,
  "beat_moving_avg": true,
  "timestamp": "2026-04-03 17:22:17"
}