{
  "model_name": "gru_vv3_log1p",
  "version": "v3",
  "val_mae": 910.02478,
  "val_rmse": 1360.368286,
  "val_smape": 105.0118,
  "val_per_user_nmae": 86.4139,
  "test_mae": 910.093628,
  "test_rmse": 1365.709229,
  "test_smape": 88.6844,
  "test_per_user_nmae": 60.3271,
  "naive_7d_mae": 989.764615,
  "naive_7d_rmse": 1649.280634,
  "moving_avg_30d_mae": 926.367527,
  "moving_avg_30d_rmse": 1425.732313,
  "beat_moving_avg": true,
  "timestamp": "2026-03-31 19:05:42"
}