{
  "model_name": "gru_transfer_v1",
  "val_mae": 800.297363,
  "val_rmse": 1199.979492,
  "val_smape": 87.6406,
  "val_per_user_nmae": 84.0516,
  "test_mae": 837.896057,
  "test_rmse": 1257.547729,
  "test_smape": 80.9937,
  "test_per_user_nmae": 143.9434,
  "naive_7d_mae": 989.764615,
  "naive_7d_rmse": 1649.280634,
  "moving_avg_30d_mae": 926.367527,
  "moving_avg_30d_rmse": 1425.732313,
  "beat_moving_avg": true,
  "timestamp": "2026-03-30 14:41:27"
}