{
  "model_name": "gru_vv5_ensemble_bias",
  "version": "v5",
  "ensemble_seeds": [
    42,
    123,
    777
  ],
  "val_mae": 770.024414,
  "val_rmse": 1203.938477,
  "val_smape": 81.7582,
  "val_per_user_nmae": 70.9929,
  "test_mae": 851.477722,
  "test_rmse": 1265.92749,
  "test_smape": 69.0375,
  "test_per_user_nmae": 59.4517,
  "test_mae_before_bias_correction": 935.843628,
  "naive_7d_mae": 989.764615,
  "naive_7d_rmse": 1649.280634,
  "moving_avg_30d_mae": 926.367527,
  "moving_avg_30d_rmse": 1425.732313,
  "beat_moving_avg": true,
  "timestamp": "2026-03-31 19:39:18"
}