{
  "model_name": "gru_vv4",
  "version": "v4",
  "val_mae": 853.224731,
  "val_rmse": 1242.163696,
  "val_smape": 88.1295,
  "val_per_user_nmae": 122.1501,
  "test_mae": 820.596191,
  "test_rmse": 1253.515381,
  "test_smape": 82.5087,
  "test_per_user_nmae": 158.4933,
  "naive_7d_mae": 989.764615,
  "naive_7d_rmse": 1649.280634,
  "moving_avg_30d_mae": 926.367527,
  "moving_avg_30d_rmse": 1425.732313,
  "beat_moving_avg": true,
  "timestamp": "2026-03-29 14:32:50"
}