{
  "model_name": "gru_vv5_ensemble_bias",
  "version": "v5",
  "ensemble_seeds": [
    42,
    123,
    777
  ],
  "val_mae": 752.89502,
  "val_rmse": 1214.536377,
  "val_smape": 81.5881,
  "val_per_user_nmae": 79.6928,
  "test_mae": 836.031128,
  "test_rmse": 1311.65564,
  "test_smape": 69.2551,
  "test_per_user_nmae": 59.1704,
  "test_mae_before_bias_correction": 912.248413,
  "naive_7d_mae": 989.764615,
  "naive_7d_rmse": 1649.280634,
  "moving_avg_30d_mae": 926.367527,
  "moving_avg_30d_rmse": 1425.732313,
  "beat_moving_avg": true,
  "timestamp": "2026-03-29 14:32:53"
}