{
  "model_name": "gru_transfer_v1_enhanced",
  "version": "v1",
  "architecture": "GRUWithAttention",
  "hidden_size": 128,
  "val_mae": 838.194214,
  "val_rmse": 1244.537231,
  "val_smape": 90.0541,
  "val_per_user_nmae": 119.4613,
  "test_mae": 876.507202,
  "test_rmse": 1308.765259,
  "test_smape": 83.1105,
  "test_per_user_nmae": 146.6109,
  "naive_7d_mae": 989.764615,
  "naive_7d_rmse": 1649.280634,
  "moving_avg_30d_mae": 926.367527,
  "moving_avg_30d_rmse": 1425.732313,
  "beat_moving_avg": true,
  "timestamp": "2026-03-30 14:50:32"
}