{
  "model_name": "gru_vv2",
  "version": "v2",
  "val_mae": 861.550781,
  "val_rmse": 1216.407959,
  "val_smape": 87.6383,
  "val_per_user_nmae": 105.9191,
  "test_mae": 822.823792,
  "test_rmse": 1183.049438,
  "test_smape": 79.215,
  "test_per_user_nmae": 168.522,
  "naive_7d_mae": 989.764615,
  "naive_7d_rmse": 1649.280634,
  "moving_avg_30d_mae": 926.367527,
  "moving_avg_30d_rmse": 1425.732313,
  "beat_moving_avg": true,
  "timestamp": "2026-03-31 18:58:42"
}