{
  "model_name": "gru_vv2",
  "version": "v2",
  "val_mae": 826.484619,
  "val_rmse": 1203.824219,
  "val_smape": 87.8847,
  "val_per_user_nmae": 101.8915,
  "test_mae": 841.862732,
  "test_rmse": 1264.908569,
  "test_smape": 81.8498,
  "test_per_user_nmae": 189.9527,
  "naive_7d_mae": 989.764615,
  "naive_7d_rmse": 1649.280634,
  "moving_avg_30d_mae": 926.367527,
  "moving_avg_30d_rmse": 1425.732313,
  "beat_moving_avg": true,
  "timestamp": "2026-03-29 14:32:21"
}