{
  "Accuracy": 0.784091,
  "Precision": 0.834146,
  "Recall": 0.768539,
  "F1-score": 0.8,
  "Confusion Matrix": [
    [
      279,
      68
    ],
    [
      103,
      342
    ]
  ]
}