{
  "MAE": 1061.185937,
  "RMSE": 1717.340745,
  "MAPE": 64.539679,
  "SMAPE": 84.381197
}