{
  "MAE": 1232.479739,
  "RMSE": 1952.057,
  "MAPE": 83.332905,
  "SMAPE": 87.439006
}