{
  "labels": [
    "no_alarm",
    "low_risk",
    "mid_risk",
    "high_risk"
  ],
  "Accuracy": 0.638889,
  "Macro Precision": 0.433559,
  "Macro Recall": 0.434164,
  "Macro F1": 0.432822,
  "Weighted F1": 0.628977,
  "Confusion Matrix": [
    [
      279,
      28,
      17,
      23
    ],
    [
      28,
      6,
      12,
      18
    ],
    [
      29,
      11,
      11,
      34
    ],
    [
      46,
      12,
      28,
      210
    ]
  ]
}