{
  "Accuracy": 0.77399,
  "Precision": 0.795556,
  "Recall": 0.804494,
  "F1-score": 0.8,
  "Confusion Matrix": [
    [
      255,
      92
    ],
    [
      87,
      358
    ]
  ]
}