{
  "model_name": "lstm_transfer_v1",
  "val_mae": 1042.161743,
  "val_rmse": 1620.926147,
  "val_smape": 85.7993,
  "val_per_user_nmae": 73.3319,
  "test_mae": 874.377136,
  "test_rmse": 1166.059082,
  "test_smape": 75.1468,
  "test_per_user_nmae": 411.4789,
  "naive_7d_mae": 989.764615,
  "naive_7d_rmse": 1649.280634,
  "moving_avg_30d_mae": 926.367527,
  "moving_avg_30d_rmse": 1425.732313,
  "beat_moving_avg": true,
  "timestamp": "2026-03-30 13:26:37"
}