{
  "model": "BiLSTM raw features (single model)",
  "alert_threshold_ratio": 1.5,
  "cost_fn": 3.0,
  "cost_fp": 1.0,
  "layer1_regression": {
    "mae": 798.1,
    "rmse": 1212.04,
    "smape": 78.46
  },
  "layer2_decision_global": {
    "TP": 43,
    "TN": 403,
    "FP": 92,
    "FN": 104,
    "precision": 0.3185,
    "recall": 0.2925,
    "f1": 0.305,
    "fnr": 0.7075,
    "fpr": 0.1859,
    "expected_cost": 0.6293
  },
  "layer3_per_user_summary": {
    "mae_mean": 782.16,
    "mae_max": 1624.57,
    "mae_std": 367.67,
    "f1_mean": 0.1641,
    "f1_min": 0.0,
    "fnr_mean": 0.7757,
    "fnr_max": 1.0,
    "cost_mean": 0.5984,
    "cost_max": 0.9722,
    "worst_mae_user": "user8",
    "worst_fnr_user": "user1"
  },
  "per_user_detail": {
    "user1": {
      "n_samples": 15,
      "alert_ratio": 0.06666666666666667,
      "mae": 538.04,
      "nmae": 0.24070000648498535,
      "TP": 0,
      "TN": 14,
      "FP": 0,
      "FN": 1,
      "precision": 0.0,
      "recall": 0.0,
      "f1": 0.0,
      "fnr": 1.0,
      "fpr": 0.0,
      "expected_cost": 0.2
    },
    "user10": {
      "n_samples": 62,
      "alert_ratio": 0.1935483870967742,
      "mae": 531.24,
      "nmae": 0.3312999904155731,
      "TP": 0,
      "TN": 49,
      "FP": 1,
      "FN": 12,
      "precision": 0.0,
      "recall": 0.0,
      "f1": 0.0,
      "fnr": 1.0,
      "fpr": 0.02,
      "expected_cost": 0.5968
    },
    "user11": {
      "n_samples": 49,
      "alert_ratio": 0.24489795918367346,
      "mae": 597.92,
      "nmae": 0.31360000371932983,
      "TP": 1,
      "TN": 36,
      "FP": 1,
      "FN": 11,
      "precision": 0.5,
      "recall": 0.0833,
      "f1": 0.1429,
      "fnr": 0.9167,
      "fpr": 0.027,
      "expected_cost": 0.6939
    },
    "user12": {
      "n_samples": 49,
      "alert_ratio": 0.1836734693877551,
      "mae": 448.28,
      "nmae": 0.241799995303154,
      "TP": 0,
      "TN": 40,
      "FP": 0,
      "FN": 9,
      "precision": 0.0,
      "recall": 0.0,
      "f1": 0.0,
      "fnr": 1.0,
      "fpr": 0.0,
      "expected_cost": 0.551
    },
    "user13": {
      "n_samples": 75,
      "alert_ratio": 0.22666666666666666,
      "mae": 1364.88,
      "nmae": 0.6277999877929688,
      "TP": 0,
      "TN": 57,
      "FP": 1,
      "FN": 17,
      "precision": 0.0,
      "recall": 0.0,
      "f1": 0.0,
      "fnr": 1.0,
      "fpr": 0.0172,
      "expected_cost": 0.6933
    },
    "user15": {
      "n_samples": 66,
      "alert_ratio": 0.09090909090909091,
      "mae": 622.71,
      "nmae": 0.2648000121116638,
      "TP": 0,
      "TN": 60,
      "FP": 0,
      "FN": 6,
      "precision": 0.0,
      "recall": 0.0,
      "f1": 0.0,
      "fnr": 1.0,
      "fpr": 0.0,
      "expected_cost": 0.2727
    },
    "user16": {
      "n_samples": 53,
      "alert_ratio": 0.37735849056603776,
      "mae": 1017.48,
      "nmae": 1.1217000484466553,
      "TP": 8,
      "TN": 24,
      "FP": 9,
      "FN": 12,
      "precision": 0.4706,
      "recall": 0.4,
      "f1": 0.4324,
      "fnr": 0.6,
      "fpr": 0.2727,
      "expected_cost": 0.8491
    },
    "user2": {
      "n_samples": 50,
      "alert_ratio": 0.26,
      "mae": 740.19,
      "nmae": 0.3650999963283539,
      "TP": 0,
      "TN": 37,
      "FP": 0,
      "FN": 13,
      "precision": 0.0,
      "recall": 0.0,
      "f1": 0.0,
      "fnr": 1.0,
      "fpr": 0.0,
      "expected_cost": 0.78
    },
    "user3": {
      "n_samples": 50,
      "alert_ratio": 0.06,
      "mae": 576.88,
      "nmae": 0.45489999651908875,
      "TP": 0,
      "TN": 47,
      "FP": 0,
      "FN": 3,
      "precision": 0.0,
      "recall": 0.0,
      "f1": 0.0,
      "fnr": 1.0,
      "fpr": 0.0,
      "expected_cost": 0.18
    },
    "user7": {
      "n_samples": 51,
      "alert_ratio": 0.5490196078431373,
      "mae": 936.95,
      "nmae": 0.5634999871253967,
      "TP": 21,
      "TN": 22,
      "FP": 1,
      "FN": 7,
      "precision": 0.9545,
      "recall": 0.75,
      "f1": 0.84,
      "fnr": 0.25,
      "fpr": 0.0435,
      "expected_cost": 0.4314
    },
    "user8": {
      "n_samples": 50,
      "alert_ratio": 0.48,
      "mae": 1624.57,
      "nmae": 0.8008000254631042,
      "TP": 11,
      "TN": 17,
      "FP": 9,
      "FN": 13,
      "precision": 0.55,
      "recall": 0.4583,
      "f1": 0.5,
      "fnr": 0.5417,
      "fpr": 0.3462,
      "expected_cost": 0.96
    },
    "user9": {
      "n_samples": 72,
      "alert_ratio": 0.027777777777777776,
      "mae": 386.79,
      "nmae": 14.519700050354004,
      "TP": 2,
      "TN": 0,
      "FP": 70,
      "FN": 0,
      "precision": 0.0278,
      "recall": 1.0,
      "f1": 0.0541,
      "fnr": 0.0,
      "fpr": 1.0,
      "expected_cost": 0.9722
    }
  }
}