{
  "model_name": "gru_transfer_v1",
  "val_mae": 813.138367,
  "val_rmse": 1221.992432,
  "val_smape": 91.6069,
  "val_per_user_nmae": 92.0095,
  "test_mae": 842.208313,
  "test_rmse": 1291.905884,
  "test_smape": 85.6593,
  "test_per_user_nmae": 111.9987,
  "naive_7d_mae": 989.764615,
  "naive_7d_rmse": 1649.280634,
  "moving_avg_30d_mae": 926.367527,
  "moving_avg_30d_rmse": 1425.732313,
  "beat_moving_avg": true,
  "timestamp": "2026-03-31 17:56:35"
}