{
  "model_name": "gru_transfer_v1_enhanced",
  "version": "v1",
  "architecture": "GRUWithAttention",
  "hidden_size": 128,
  "val_mae": 837.693298,
  "val_rmse": 1212.269897,
  "val_smape": 90.3648,
  "val_per_user_nmae": 88.3815,
  "test_mae": 874.962036,
  "test_rmse": 1279.944824,
  "test_smape": 85.1561,
  "test_per_user_nmae": 132.0921,
  "naive_7d_mae": 989.764615,
  "naive_7d_rmse": 1649.280634,
  "moving_avg_30d_mae": 926.367527,
  "moving_avg_30d_rmse": 1425.732313,
  "beat_moving_avg": true,
  "timestamp": "2026-03-31 18:41:58"
}