fold,train_rows,val_rows,mae,rmse,iterations
1,966,213,2665.013525599295,5972.337011582038,357
2,1545,333,4253.07165765288,10710.141761867137,445
3,1938,367,3471.6454833235684,13757.112625536534,56
