{
  "model_name": "hgbr_cv_v2",
  "target_column": "future_expense_7d_sum",
  "n_folds": 3,
  "feature_count": 7,
  "feature_columns": [
    "daily_expense",
    "expense_30d_sum",
    "expense_7d_mean",
    "has_expense",
    "has_income",
    "net_30d_sum",
    "txn_30d_sum"
  ],
  "cv_mean_mae": 3463.2435555252473,
  "cv_std_mae": 648.3492381879933,
  "cv_mean_rmse": 10146.53046632857,
  "cv_std_rmse": 3203.011719121984,
  "fold_metrics": [
    {
      "fold": 1,
      "train_rows": 966,
      "val_rows": 213,
      "mae": 2665.013525599295,
      "rmse": 5972.337011582038,
      "iterations": 357
    },
    {
      "fold": 2,
      "train_rows": 1545,
      "val_rows": 333,
      "mae": 4253.07165765288,
      "rmse": 10710.141761867137,
      "iterations": 445
    },
    {
      "fold": 3,
      "train_rows": 1938,
      "val_rows": 367,
      "mae": 3471.6454833235684,
      "rmse": 13757.112625536534,
      "iterations": 56
    }
  ]
}