{
  "Accuracy": 0.84891,
  "Precision": 0.867374,
  "Recall": 0.874332,
  "F1-score": 0.870839,
  "Confusion Matrix": [
    [
      218,
      50
    ],
    [
      47,
      327
    ]
  ]
}