{
  "labels": [
    "no_alarm",
    "low_risk",
    "mid_risk",
    "high_risk"
  ],
  "Accuracy": 0.713896,
  "Macro Precision": 0.463135,
  "Macro Recall": 0.460252,
  "Macro F1": 0.4607,
  "Weighted F1": 0.720975,
  "Confusion Matrix": [
    [
      271,
      32,
      11,
      18
    ],
    [
      25,
      6,
      2,
      16
    ],
    [
      16,
      4,
      5,
      11
    ],
    [
      35,
      20,
      20,
      242
    ]
  ]
}