{
  "Accuracy": 0.813351,
  "Precision": 0.842377,
  "Recall": 0.810945,
  "F1-score": 0.826362,
  "Confusion Matrix": [
    [
      271,
      61
    ],
    [
      76,
      326
    ]
  ]
}