{
  "MAE": 773.569277,
  "RMSE": 1177.778145,
  "MAPE": 50.279845,
  "SMAPE": 79.783359
}