{
  "labels": [
    "no_alarm",
    "low_risk",
    "mid_risk",
    "high_risk"
  ],
  "Accuracy": 0.712534,
  "Macro Precision": 0.47587,
  "Macro Recall": 0.479415,
  "Macro F1": 0.475495,
  "Weighted F1": 0.721998,
  "Confusion Matrix": [
    [
      247,
      21,
      23,
      41
    ],
    [
      11,
      9,
      13,
      16
    ],
    [
      13,
      5,
      6,
      12
    ],
    [
      26,
      18,
      12,
      261
    ]
  ]
}