{
  "Accuracy": 0.816076,
  "Precision": 0.805492,
  "Recall": 0.875622,
  "F1-score": 0.839094,
  "Confusion Matrix": [
    [
      247,
      85
    ],
    [
      50,
      352
    ]
  ]
}