{
  "MAE": 1046.043696,
  "RMSE": 1604.235991,
  "MAPE": 56.598126,
  "SMAPE": 78.686475
}