{
  "MAE": 1097.797297,
  "RMSE": 1591.687709,
  "MAPE": 65.934064,
  "SMAPE": 79.18021
}