{
  "Accuracy": 0.813351,
  "Precision": 0.825553,
  "Recall": 0.835821,
  "F1-score": 0.830655,
  "Confusion Matrix": [
    [
      261,
      71
    ],
    [
      66,
      336
    ]
  ]
}