{
  "labels": [
    "no_alarm",
    "low_risk",
    "mid_risk",
    "high_risk"
  ],
  "Accuracy": 0.753406,
  "Macro Precision": 0.495984,
  "Macro Recall": 0.496063,
  "Macro F1": 0.495722,
  "Weighted F1": 0.75546,
  "Confusion Matrix": [
    [
      271,
      14,
      26,
      21
    ],
    [
      21,
      9,
      2,
      17
    ],
    [
      17,
      5,
      5,
      9
    ],
    [
      21,
      18,
      10,
      268
    ]
  ]
}