{
  "MAE": 797.760889,
  "RMSE": 1184.083879,
  "MAPE": 50.98516,
  "SMAPE": 80.104422
}