{
  "Accuracy": 0.80109,
  "Precision": 0.826531,
  "Recall": 0.80597,
  "F1-score": 0.816121,
  "Confusion Matrix": [
    [
      264,
      68
    ],
    [
      78,
      324
    ]
  ]
}