{
  "labels": [
    "no_alarm",
    "low_risk",
    "mid_risk",
    "high_risk"
  ],
  "Accuracy": 0.717984,
  "Macro Precision": 0.463692,
  "Macro Recall": 0.45929,
  "Macro F1": 0.460773,
  "Weighted F1": 0.726147,
  "Confusion Matrix": [
    [
      261,
      23,
      26,
      22
    ],
    [
      21,
      8,
      3,
      17
    ],
    [
      16,
      5,
      3,
      12
    ],
    [
      29,
      12,
      21,
      255
    ]
  ]
}