{
  "labels": [
    "no_alarm",
    "low_risk",
    "mid_risk",
    "high_risk"
  ],
  "Accuracy": 0.686649,
  "Macro Precision": 0.462147,
  "Macro Recall": 0.459512,
  "Macro F1": 0.455887,
  "Weighted F1": 0.705298,
  "Confusion Matrix": [
    [
      264,
      28,
      23,
      17
    ],
    [
      19,
      8,
      7,
      15
    ],
    [
      15,
      8,
      6,
      7
    ],
    [
      44,
      15,
      32,
      226
    ]
  ]
}