{
  "MAE": 1032.967492,
  "RMSE": 1518.594663,
  "MAPE": 57.296817,
  "SMAPE": 76.261142
}