{
  "MAE": 1090.242821,
  "RMSE": 1562.046179,
  "MAPE": 57.421158,
  "SMAPE": 79.645741
}