{
  "labels": [
    "no_alarm",
    "low_risk",
    "mid_risk",
    "high_risk"
  ],
  "Accuracy": 0.78972,
  "Macro Precision": 0.512844,
  "Macro Recall": 0.529998,
  "Macro F1": 0.515864,
  "Weighted F1": 0.808182,
  "Confusion Matrix": [
    [
      209,
      26,
      7,
      0
    ],
    [
      10,
      6,
      5,
      10
    ],
    [
      8,
      6,
      5,
      2
    ],
    [
      33,
      17,
      11,
      287
    ]
  ]
}