{
  "labels": [
    "no_alarm",
    "low_risk",
    "mid_risk",
    "high_risk"
  ],
  "Accuracy": 0.688011,
  "Macro Precision": 0.43612,
  "Macro Recall": 0.428501,
  "Macro F1": 0.4298,
  "Weighted F1": 0.695318,
  "Confusion Matrix": [
    [
      275,
      30,
      8,
      19
    ],
    [
      26,
      5,
      5,
      13
    ],
    [
      19,
      4,
      3,
      10
    ],
    [
      48,
      24,
      23,
      222
    ]
  ]
}