{
  "Accuracy": 0.836512,
  "Precision": 0.84901,
  "Recall": 0.853234,
  "F1-score": 0.851117,
  "Confusion Matrix": [
    [
      271,
      61
    ],
    [
      59,
      343
    ]
  ]
}