{
  "MAE": 1055.29059,
  "RMSE": 1562.682515,
  "MAPE": 56.434265,
  "SMAPE": 79.424896
}