{
  "Accuracy": 0.79564,
  "Precision": 0.844262,
  "Recall": 0.768657,
  "F1-score": 0.804688,
  "Confusion Matrix": [
    [
      275,
      57
    ],
    [
      93,
      309
    ]
  ]
}