{
  "MAE": 1037.20212,
  "RMSE": 1478.127777,
  "MAPE": 61.272354,
  "SMAPE": 76.728129
}