{
  "labels": [
    "no_alarm",
    "low_risk",
    "mid_risk",
    "high_risk"
  ],
  "Accuracy": 0.730245,
  "Macro Precision": 0.422538,
  "Macro Recall": 0.428695,
  "Macro F1": 0.421011,
  "Weighted F1": 0.710989,
  "Confusion Matrix": [
    [
      247,
      18,
      11,
      56
    ],
    [
      19,
      2,
      1,
      27
    ],
    [
      14,
      0,
      1,
      21
    ],
    [
      15,
      7,
      9,
      286
    ]
  ]
}