{
  "labels": [
    "no_alarm",
    "low_risk",
    "mid_risk",
    "high_risk"
  ],
  "Accuracy": 0.705722,
  "Macro Precision": 0.453164,
  "Macro Recall": 0.445622,
  "Macro F1": 0.447415,
  "Weighted F1": 0.724361,
  "Confusion Matrix": [
    [
      255,
      36,
      26,
      15
    ],
    [
      20,
      5,
      6,
      18
    ],
    [
      15,
      4,
      4,
      13
    ],
    [
      21,
      22,
      20,
      254
    ]
  ]
}