{
  "Accuracy": 0.856698,
  "Precision": 0.865285,
  "Recall": 0.893048,
  "F1-score": 0.878947,
  "Confusion Matrix": [
    [
      216,
      52
    ],
    [
      40,
      334
    ]
  ]
}