{
  "Accuracy": 0.818801,
  "Precision": 0.806378,
  "Recall": 0.880597,
  "F1-score": 0.841855,
  "Confusion Matrix": [
    [
      247,
      85
    ],
    [
      48,
      354
    ]
  ]
}