{
  "Accuracy": 0.818801,
  "Precision": 0.817967,
  "Recall": 0.860697,
  "F1-score": 0.838788,
  "Confusion Matrix": [
    [
      255,
      77
    ],
    [
      56,
      346
    ]
  ]
}