{
  "MAE": 1002.275748,
  "RMSE": 1455.808312,
  "MAPE": 57.97592,
  "SMAPE": 75.874538
}