{
  "MAE": 1254.870431,
  "RMSE": 1745.708397,
  "MAPE": 87.624236,
  "SMAPE": 85.157307
}