{
  "labels": [
    "no_alarm",
    "low_risk",
    "mid_risk",
    "high_risk"
  ],
  "Accuracy": 0.741433,
  "Macro Precision": 0.512988,
  "Macro Recall": 0.547366,
  "Macro F1": 0.51655,
  "Weighted F1": 0.768478,
  "Confusion Matrix": [
    [
      216,
      21,
      22,
      9
    ],
    [
      8,
      8,
      3,
      14
    ],
    [
      7,
      5,
      10,
      5
    ],
    [
      25,
      26,
      21,
      242
    ]
  ]
}