{
  "MAE": 814.813984,
  "RMSE": 1174.570766,
  "MAPE": 53.911445,
  "SMAPE": 77.892895
}