{
  "mae": 6768.398546860858,
  "rmse": 16854.608214068943
}