{
  "mae": 949.4100997118791,
  "rmse": 1551.1824239466162
}