{
  "mae": 5871.771235272166,
  "rmse": 18176.233757894504
}