{
  "mae": 2619.3246817234485,
  "rmse": 6970.395129067257,
  "train_rows": 261821,
  "valid_rows": 65456,
  "feature_count": 12
}