{
  "best_combo": [
    42,
    777
  ],
  "val_mae": 823.4440307617188,
  "val_rmse": 1182.5572509765625,
  "val_medae": 588.3930053710938,
  "test_mae": 814.8140258789062,
  "test_rmse": 1174.57080078125,
  "test_medae": 554.0823364257812,
  "test_smape": 77.89289093017578,
  "test_per_user_nmae": 206.85394287109375,
  "all_seeds_test_mae": 844.8575439453125,
  "classmate_test_mae": 743.51,
  "gap": 71.3
}