{
  "best_combo": [
    42,
    314
  ],
  "val_mae": 1470.682373046875,
  "val_rmse": 2609.480712890625,
  "val_medae": 857.27197265625,
  "test_mae": 1254.8704833984375,
  "test_rmse": 1745.708251953125,
  "test_medae": 964.86083984375,
  "test_smape": 85.15731811523438,
  "test_per_user_nmae": 140.86817932128906,
  "all_seeds_test_mae": 1299.719970703125,
  "classmate_test_mae": 743.51,
  "gap": 511.36
}