{
  "best_combo": [
    21,
    66
  ],
  "val_mae": 1379.8775634765625,
  "val_rmse": 2598.963134765625,
  "val_medae": 723.134765625,
  "test_mae": 1002.2756958007812,
  "test_rmse": 1455.808349609375,
  "test_medae": 654.1681518554688,
  "test_smape": 75.87453126907349,
  "test_per_user_nmae": 157.45783845357516,
  "all_seeds_test_mae": 1031.658203125,
  "classmate_test_mae": 743.51,
  "gap": 258.77
}