{
  "0.0": {
    "best_combo": [
      777
    ],
    "val_mae": 821.4026489257812,
    "val_medae": 536.6607666015625,
    "val_rmse": 1198.31689453125,
    "test_mae": 778.4118041992188,
    "test_medae": 502.810302734375,
    "test_rmse": 1143.9652099609375
  },
  "0.05": {
    "best_combo": [
      123
    ],
    "val_mae": 862.5501708984375,
    "val_medae": 605.6672973632812,
    "val_rmse": 1263.3287353515625,
    "test_mae": 778.554443359375,
    "test_medae": 454.688232421875,
    "test_rmse": 1166.380859375
  },
  "0.1": {
    "best_combo": [
      123
    ],
    "val_mae": 846.3922119140625,
    "val_medae": 565.0595092773438,
    "val_rmse": 1250.8594970703125,
    "test_mae": 788.4993896484375,
    "test_medae": 496.77227783203125,
    "test_rmse": 1175.06689453125
  },
  "0.2": {
    "best_combo": [
      42,
      123
    ],
    "val_mae": 833.9738159179688,
    "val_medae": 574.364990234375,
    "val_rmse": 1235.5489501953125,
    "test_mae": 820.707763671875,
    "test_medae": 514.7825927734375,
    "test_rmse": 1207.5347900390625
  },
  "0.5": {
    "best_combo": [
      123,
      777
    ],
    "val_mae": 854.0271606445312,
    "val_medae": 602.0845947265625,
    "val_rmse": 1256.481201171875,
    "test_mae": 792.3111572265625,
    "test_medae": 450.03070068359375,
    "test_rmse": 1192.2818603515625
  }
}