model,mae,rmse,mape,smape
bigru_ibm_pretrain_finetune,1120.785888671875,1685.8409622499983,62.036198,77.8716
