{
  "MAE": 1120.785906,
  "RMSE": 1685.840973,
  "MAPE": 62.036201,
  "SMAPE": 77.871604
}