{
  "Accuracy": 0.799728,
  "Precision": 0.821159,
  "Recall": 0.810945,
  "F1-score": 0.81602,
  "Confusion Matrix": [
    [
      261,
      71
    ],
    [
      76,
      326
    ]
  ]
}