{
  "val_mae": 792.940185546875,
  "test_mae": 748.8199462890625,
  "test_rmse": 1161.4814453125,
  "best_seeds": [
    777,
    2024
  ],
  "classmate_test_mae": 743.51
}