{
  "model_name": "gru_vv3_log1p",
  "version": "v3",
  "val_mae": 4476.337402,
  "val_rmse": 13283.323242,
  "val_smape": 92.6643,
  "val_per_user_nmae": 73.024,
  "test_mae": 6347.256348,
  "test_rmse": 17264.851562,
  "test_smape": 91.6347,
  "test_per_user_nmae": 61.3975,
  "naive_7d_mae": 8130.198974,
  "naive_7d_rmse": 23669.372811,
  "moving_avg_30d_mae": 7019.182884,
  "moving_avg_30d_rmse": 19089.005327,
  "beat_moving_avg": true,
  "timestamp": "2026-03-26 01:11:44"
}