{
  "model_name": "gru_transfer_v1",
  "val_mae": 5764.490234,
  "val_rmse": 19596.269531,
  "val_smape": 86.1729,
  "val_per_user_nmae": 138.0507,
  "test_mae": 5916.525879,
  "test_rmse": 15721.783203,
  "test_smape": 81.077,
  "test_per_user_nmae": 119.583,
  "naive_7d_mae": 8130.198974,
  "naive_7d_rmse": 23669.372811,
  "moving_avg_30d_mae": 7019.182884,
  "moving_avg_30d_rmse": 19089.005327,
  "beat_moving_avg": true,
  "timestamp": "2026-03-25 23:46:03"
}