{
  "model_name": "gru_vv2",
  "version": "v2",
  "val_mae": 4303.208984,
  "val_rmse": 10456.318359,
  "val_smape": 84.3705,
  "val_per_user_nmae": 196.1299,
  "test_mae": 6258.59082,
  "test_rmse": 15855.225586,
  "test_smape": 83.9177,
  "test_per_user_nmae": 410.0179,
  "naive_7d_mae": 8130.198974,
  "naive_7d_rmse": 23669.372811,
  "moving_avg_30d_mae": 7019.182884,
  "moving_avg_30d_rmse": 19089.005327,
  "beat_moving_avg": true,
  "timestamp": "2026-03-26 00:57:50"
}