{
  "model_name": "gru_transfer_v1",
  "val_mae": 4623.90332,
  "val_rmse": 11759.696289,
  "val_smape": 95.5126,
  "val_per_user_nmae": 220.4055,
  "test_mae": 5952.552246,
  "test_rmse": 14905.889648,
  "test_smape": 90.1819,
  "test_per_user_nmae": 139.6839,
  "naive_7d_mae": 8130.198974,
  "naive_7d_rmse": 23669.372811,
  "moving_avg_30d_mae": 7019.182884,
  "moving_avg_30d_rmse": 19089.005327,
  "beat_moving_avg": true,
  "timestamp": "2026-03-25 23:31:37"
}