{
  "model_name": "gru_transfer_v1",
  "val_mae": 793.221924,
  "val_rmse": 1197.475586,
  "val_smape": 90.8635,
  "val_per_user_nmae": 88.2412,
  "test_mae": 802.844727,
  "test_rmse": 1226.732544,
  "test_smape": 82.912,
  "test_per_user_nmae": 127.1898,
  "naive_7d_mae": 989.764615,
  "naive_7d_rmse": 1649.280634,
  "moving_avg_30d_mae": 926.367527,
  "moving_avg_30d_rmse": 1425.732313,
  "beat_moving_avg": true,
  "timestamp": "2026-03-29 14:32:08"
}