{
  "model_name": "gru_transfer_v1_enhanced",
  "version": "v1",
  "architecture": "GRUWithAttention",
  "hidden_size": 128,
  "val_mae": 825.06488,
  "val_rmse": 1214.25647,
  "val_smape": 87.2268,
  "val_per_user_nmae": 106.3397,
  "test_mae": 813.079468,
  "test_rmse": 1245.22229,
  "test_smape": 80.796,
  "test_per_user_nmae": 169.5166,
  "naive_7d_mae": 989.764615,
  "naive_7d_rmse": 1649.280634,
  "moving_avg_30d_mae": 926.367527,
  "moving_avg_30d_rmse": 1425.732313,
  "beat_moving_avg": true,
  "timestamp": "2026-03-29 14:32:15"
}