{
  "model_name": "gru_transfer_v1_enhanced",
  "version": "v1",
  "architecture": "GRUWithAttention",
  "hidden_size": 128,
  "val_mae": 4583.782227,
  "val_rmse": 11920.75,
  "val_smape": 82.5893,
  "val_per_user_nmae": 164.7409,
  "test_mae": 6049.681641,
  "test_rmse": 15861.62207,
  "test_smape": 78.4382,
  "test_per_user_nmae": 138.1365,
  "naive_7d_mae": 8130.198974,
  "naive_7d_rmse": 23669.372811,
  "moving_avg_30d_mae": 7019.182884,
  "moving_avg_30d_rmse": 19089.005327,
  "beat_moving_avg": true,
  "timestamp": "2026-03-26 00:11:40"
}