{
  "model_name": "gru_transfer_v1",
  "val_mae": 6100.800781,
  "val_rmse": 7635.019531,
  "test_mae": 1069.894653,
  "test_rmse": 1748.384277,
  "naive_7d_mae": 8130.198974,
  "naive_7d_rmse": 23669.372811,
  "moving_avg_30d_mae": 7019.182884,
  "moving_avg_30d_rmse": 19089.005327,
  "beat_moving_avg": true,
  "timestamp": "2026-03-25 19:01:55"
}