{
  "model_name": "gru_transfer_v1",
  "val_mae": 1329.25769,
  "val_rmse": 2626.351074,
  "naive_7d_mae": 8130.198974,
  "naive_7d_rmse": 23669.372811,
  "moving_avg_30d_mae": 7019.182884,
  "moving_avg_30d_rmse": 19089.005327,
  "beat_moving_avg": true,
  "timestamp": "2026-03-21 01:05:37"
}