{
  "model": "BiLSTM raw features (single model)",
  "alert_threshold_ratio": 1.5,
  "cost_fn": 3.0,
  "cost_fp": 1.0,
  "layer1_regression": {
    "mae": 745.79,
    "rmse": 1149.51,
    "smape": 78.23
  },
  "layer2_decision_global": {
    "TP": 52,
    "TN": 404,
    "FP": 91,
    "FN": 95,
    "precision": 0.3636,
    "recall": 0.3537,
    "f1": 0.3586,
    "fnr": 0.6463,
    "fpr": 0.1838,
    "expected_cost": 0.5857
  },
  "layer3_per_user_summary": {
    "mae_mean": 738.83,
    "mae_max": 1496.92,
    "mae_std": 359.75,
    "f1_mean": 0.225,
    "f1_min": 0.0,
    "fnr_mean": 0.7291,
    "fnr_max": 1.0,
    "cost_mean": 0.5585,
    "cost_max": 0.9722,
    "worst_mae_user": "user8",
    "worst_fnr_user": "user1"
  },
  "per_user_detail": {
    "user1": {
      "n_samples": 15,
      "alert_ratio": 0.06666666666666667,
      "mae": 517.07,
      "nmae": 0.2312999963760376,
      "TP": 0,
      "TN": 14,
      "FP": 0,
      "FN": 1,
      "precision": 0.0,
      "recall": 0.0,
      "f1": 0.0,
      "fnr": 1.0,
      "fpr": 0.0,
      "expected_cost": 0.2
    },
    "user10": {
      "n_samples": 62,
      "alert_ratio": 0.1935483870967742,
      "mae": 534.14,
      "nmae": 0.33309999108314514,
      "TP": 3,
      "TN": 48,
      "FP": 2,
      "FN": 9,
      "precision": 0.6,
      "recall": 0.25,
      "f1": 0.3529,
      "fnr": 0.75,
      "fpr": 0.04,
      "expected_cost": 0.4677
    },
    "user11": {
      "n_samples": 49,
      "alert_ratio": 0.24489795918367346,
      "mae": 563.85,
      "nmae": 0.2957000136375427,
      "TP": 1,
      "TN": 36,
      "FP": 1,
      "FN": 11,
      "precision": 0.5,
      "recall": 0.0833,
      "f1": 0.1429,
      "fnr": 0.9167,
      "fpr": 0.027,
      "expected_cost": 0.6939
    },
    "user12": {
      "n_samples": 49,
      "alert_ratio": 0.1836734693877551,
      "mae": 411.81,
      "nmae": 0.22220000624656677,
      "TP": 0,
      "TN": 40,
      "FP": 0,
      "FN": 9,
      "precision": 0.0,
      "recall": 0.0,
      "f1": 0.0,
      "fnr": 1.0,
      "fpr": 0.0,
      "expected_cost": 0.551
    },
    "user13": {
      "n_samples": 75,
      "alert_ratio": 0.22666666666666666,
      "mae": 1282.58,
      "nmae": 0.589900016784668,
      "TP": 2,
      "TN": 57,
      "FP": 1,
      "FN": 15,
      "precision": 0.6667,
      "recall": 0.1176,
      "f1": 0.2,
      "fnr": 0.8824,
      "fpr": 0.0172,
      "expected_cost": 0.6133
    },
    "user15": {
      "n_samples": 66,
      "alert_ratio": 0.09090909090909091,
      "mae": 562.9,
      "nmae": 0.2393999993801117,
      "TP": 0,
      "TN": 60,
      "FP": 0,
      "FN": 6,
      "precision": 0.0,
      "recall": 0.0,
      "f1": 0.0,
      "fnr": 1.0,
      "fpr": 0.0,
      "expected_cost": 0.2727
    },
    "user16": {
      "n_samples": 53,
      "alert_ratio": 0.37735849056603776,
      "mae": 937.78,
      "nmae": 1.0339000225067139,
      "TP": 11,
      "TN": 25,
      "FP": 8,
      "FN": 9,
      "precision": 0.5789,
      "recall": 0.55,
      "f1": 0.5641,
      "fnr": 0.45,
      "fpr": 0.2424,
      "expected_cost": 0.6604
    },
    "user2": {
      "n_samples": 50,
      "alert_ratio": 0.26,
      "mae": 741.82,
      "nmae": 0.3659000098705292,
      "TP": 0,
      "TN": 37,
      "FP": 0,
      "FN": 13,
      "precision": 0.0,
      "recall": 0.0,
      "f1": 0.0,
      "fnr": 1.0,
      "fpr": 0.0,
      "expected_cost": 0.78
    },
    "user3": {
      "n_samples": 50,
      "alert_ratio": 0.06,
      "mae": 729.82,
      "nmae": 0.5753999948501587,
      "TP": 0,
      "TN": 47,
      "FP": 0,
      "FN": 3,
      "precision": 0.0,
      "recall": 0.0,
      "f1": 0.0,
      "fnr": 1.0,
      "fpr": 0.0,
      "expected_cost": 0.18
    },
    "user7": {
      "n_samples": 51,
      "alert_ratio": 0.5490196078431373,
      "mae": 935.62,
      "nmae": 0.5626999735832214,
      "TP": 21,
      "TN": 22,
      "FP": 1,
      "FN": 7,
      "precision": 0.9545,
      "recall": 0.75,
      "f1": 0.84,
      "fnr": 0.25,
      "fpr": 0.0435,
      "expected_cost": 0.4314
    },
    "user8": {
      "n_samples": 50,
      "alert_ratio": 0.48,
      "mae": 1496.92,
      "nmae": 0.7378000020980835,
      "TP": 12,
      "TN": 18,
      "FP": 8,
      "FN": 12,
      "precision": 0.6,
      "recall": 0.5,
      "f1": 0.5455,
      "fnr": 0.5,
      "fpr": 0.3077,
      "expected_cost": 0.88
    },
    "user9": {
      "n_samples": 72,
      "alert_ratio": 0.027777777777777776,
      "mae": 151.71,
      "nmae": 5.695099830627441,
      "TP": 2,
      "TN": 0,
      "FP": 70,
      "FN": 0,
      "precision": 0.0278,
      "recall": 1.0,
      "f1": 0.0541,
      "fnr": 0.0,
      "fpr": 1.0,
      "expected_cost": 0.9722
    }
  }
}