{
  "mae": 2652.2655220063557,
  "rmse": 7571.60105758688,
  "train_rows": 261945,
  "valid_rows": 65487,
  "feature_count": 12
}