{
  "mae": 5912.395657671175,
  "rmse": 17958.329986371413
}