{
  "mae": 2632.637871810926,
  "rmse": 6985.4624519509025,
  "train_rows": 261821,
  "valid_rows": 65456,
  "feature_count": 12
}