{
  "mae": 2667.5062977400744,
  "rmse": 7499.857988314796,
  "train_rows": 261945,
  "valid_rows": 65487,
  "feature_count": 12
}